,honest.hon,faking.hon,persona_GPT3.5.hon,shape_GPT3.5.hon,honest.emo,faking.emo,persona_GPT3.5.emo,shape_GPT3.5.emo,honest.ext,faking.ext,persona_GPT3.5.ext,shape_GPT3.5.ext,honest.agr,faking.agr,persona_GPT3.5.agr,shape_GPT3.5.agr,honest.con,faking.con,persona_GPT3.5.con,shape_GPT3.5.con,honest.ope,faking.ope,persona_GPT3.5.ope,shape_GPT3.5.ope
1,0.498581138,0.439113972,0.408289913,0.326443503,0.565801259,0.386595382,-0.339617785,0.805821252,0.558989187,0.578787062,0.550332916,0.967689711,0.584808678,0.571385572,0.695198782,0.470042588,0.603339842,0.629886687,0.633403339,0.681123237,0.59684778,0.706228799,0.105929005,1.083056618
2,0.416736898,0.465425164,0.495431491,0.887181654,0.423109678,0.395776126,-0.272523523,0.145905641,0.478267594,0.444559737,0.544104955,0.753930276,0.574437508,0.652082778,1.170416838,0.979205914,0.51119638,0.644634152,0.732789015,0.815408324,0.702872668,0.660024868,-0.3746057,0.899180139
3,0.356853767,0.534043489,0.312360761,-0.883739597,0.4506729,0.376852451,-0.114869868,-0.232066239,0.856011471,0.866643366,0.948349991,1.036316046,0.606316058,0.637185267,1.066175571,0.688734364,0.620970967,0.647152179,0.726788636,0.868605326,0.675276146,0.72902529,0.052852211,1.132861824
4,0.38474764,0.339568869,0.559932168,0.561680971,0.428472793,0.407445989,0.600520349,0.599217991,0.702274109,0.598396148,0.87745739,0.777410062,0.734930978,0.742752711,0.898070145,0.679767478,0.563008573,0.564225637,0.68833726,0.562996803,0.3830669,0.479813649,-0.135798242,0.945366355
5,0.312624715,0.360708471,0.178671499,-0.625861352,0.5311486,0.44063634,0.378360305,0.16817658,0.598519635,0.63949124,0.603759413,0.929011495,0.701671001,0.69469954,0.858297414,0.401516903,0.544269751,0.663725228,0.535622368,0.21072327,0.57358433,0.7754241,-0.100096973,1.076393072
6,0.612760139,0.693057303,0.669892672,-0.945440267,0.571483062,0.572217852,0.829875367,0.910093474,0.597598707,0.547427659,0.662771964,0.864611248,0.652285035,0.718390625,0.77767802,0.693683326,0.495942145,0.522101458,0.834711005,0.571172826,0.676471652,0.622519562,0.83295459,1.091753979
