"Trait","Mean","SD"
"Honesty-Humility",3.98900775267842,0.411354491039078
"Emotionality",3.01622998918715,0.430800221094571
"Extraversion",3.90669435273643,0.388452372807066
"Agreeableness",3.67233705590301,0.408799500068288
"Conscientiousness",4.10686330360981,0.355412446840926
"Openness to Experience",3.63353491093175,0.485071865138377
