"Trait","Mean","SD"
"Honesty-Humility",3.98902749247599,0.411306621183594
"Emotionality",3.01627215401518,0.430808937942138
"Extraversion",3.90676503606745,0.388444150697818
"Agreeableness",3.67232658959537,0.408736095077822
"Conscientiousness",4.1069035733053,0.355331423913463
"Openness to Experience",3.63364962021688,0.485012172148401
