"Trait","Mean","SD"
"Honesty-Humility",3.60499375347029,0.55794683428636
"Emotionality",3.20590991116047,0.57427097039904
"Extraversion",3.4098591060522,0.603592209519444
"Agreeableness",3.11433752082176,0.574670470926799
"Conscientiousness",3.62734244863965,0.534060595815369
"Openness to Experience",3.5443156579678,0.55199299731198
