"Trait","Mean","SD"
"Honesty-Humility",3.60499375347029,0.557946834286361
"Emotionality",3.20590991116047,0.574270970399042
"Extraversion",3.40985910605219,0.603592209519444
"Agreeableness",3.11433752082177,0.5746704709268
"Conscientiousness",3.62734244863964,0.534060595815368
"Openness to Experience",3.5443156579678,0.55199299731198
