"Trait","Mean","SD"
"Honesty-Humility",3.74958333333333,0.271349734938251
"Emotionality",3.06604166666667,0.215236555942376
"Extraversion",3.12104166666667,0.241596769627002
"Agreeableness",3.15041666666667,0.216638660182899
"Conscientiousness",3.46833333333333,0.330343158797186
"Openness to Experience",3.28916666666667,0.232851070340575
