"Trait","Mean","SD"
"Honesty-Humility",3.7491610738255,0.271777354091217
"Emotionality",3.06187080536913,0.209559830306615
"Extraversion",3.12311241610738,0.23970622089738
"Agreeableness",3.14995805369128,0.217278899777348
"Conscientiousness",3.46728187919463,0.33104357908442
"Openness to Experience",3.29068791946309,0.232378341339297
