"Trait","Mean","SD"
"Honesty-Humility",3.680625,0.632087028814031
"Emotionality",2.93625,0.551196758119654
"Extraversion",2.985,0.752212645224981
"Agreeableness",3.14375,0.616898246852507
"Conscientiousness",3.086875,0.72848425859812
"Openness to Experience",2.99625,0.760854740977992
