"Trait","Mean","SD"
"1","Extraversion",3.34543010752688,0.78055737940073
"2","Agreeableness",4.14650537634409,0.645092215537587
"3","Conscientiousness",4.21908602150538,0.717684389711602
"4","Neuroticism",2.10551075268817,0.887794181364798
"5","Openness",4.17540322580645,0.705733595880528
