"Trait","Mean","SD"
"1","Extraversion",3.41583333333333,0.80948268458818
"2","Agreeableness",4.10916666666667,0.69675300041675
"3","Conscientiousness",3.53666666666667,0.789627574040838
"4","Neuroticism",2.58888888888889,0.806834349346887
"5","Openness",3.57166666666667,0.783607248297129
