"Trait","Mean","SD"
"1","Extraversion",3.12666666666667,0.290714722997003
"2","Agreeableness",3.22888888888889,0.338063795664818
"3","Conscientiousness",3.19361111111111,0.349378219087494
"4","Neuroticism",2.98138888888889,0.233227633063659
"5","Openness",3.31555555555556,0.34397541819015
