"Trait","Mean","SD"
"1","Sociability",2.84166666666667,0.838764353692765
"2","Assertiveness",2.99666666666667,0.750689018322271
"3","Energy Level",2.93083333333333,0.970944600348224
"4","Compassion",3.61,0.924616887126699
"5","Respectfulness",3.9925,0.961065853753444
"6","Trust",3.44583333333333,0.900450076363091
"7","Organization",3.36333333333333,0.861469279751406
"8","Productiveness",3.42833333333333,0.971516014679197
"9","Responsibility",3.48833333333333,0.876264812882809
"10","Anxiety",2.80333333333333,0.804245978667533
"11","Depression",2.70666666666667,0.890655064377465
"12","Emotional Volatility",2.6225,0.76133711148506
"13","Intellectual Curiosity",3.10583333333333,0.780622964645542
"14","Aesthetic Sensitivity",3.2425,0.882135264808102
"15","Creative Imagination",3.22416666666667,0.733770424366144
