"Trait","Mean","SD"
"1","Extraversion",2.92305555555556,0.783238399253797
"2","Agreeableness",3.68277777777778,0.8709298641066
"3","Conscientiousness",3.42666666666667,0.807424439310017
"4","Neuroticism",2.71083333333333,0.738071403141502
"5","Openness",3.19083333333333,0.733035721762189
