,normal_human.ext,old_people.ext,persona_GPT3.5.ext,shape_GPT3.5.ext,persona_GPT4.ext,shape_GPT4.ext,normal_human.agr,old_people.agr,persona_GPT3.5.agr,shape_GPT3.5.agr,persona_GPT4.agr,shape_GPT4.agr,normal_human.con,old_people.con,persona_GPT3.5.con,shape_GPT3.5.con,persona_GPT4.con,shape_GPT4.con,normal_human.neu,old_people.neu,persona_GPT3.5.neu,shape_GPT3.5.neu,persona_GPT4.neu,shape_GPT4.neu,normal_human.ope,old_people.ope,persona_GPT3.5.ope,shape_GPT3.5.ope,persona_GPT4.ope,shape_GPT4.ope
1,1,1,1,1,1,1,1,1,1,1,1,1,1,1,1,1,1,1,1,1,1,1,1,1,1,1,1,1,1,1
2,1,1,1,1,1,1,1,1,1,1,1,1,1,1,1,1,1,1,1,1,1,1,1,1,1,1,1,1,1,1
3,1,1,1,1,1,1,1,1,1,1,1,1,1,1,1,1,1,1,1,1,1,1,1,1,1,1,1,1,1,1
4,0.74383626,0.686004702,0.76090036,1.09083499,0.660184251,0.842889333,0.703089434,0.908081787,0.868186948,0.978175992,0.836450636,0.919148241,0.767073778,0.825418073,0.781899345,0.760045208,0.722766451,0.914110104,0.841125243,0.897235296,1.019024851,1.119336781,0.55287146,0.954380419,0.678606463,0.686801909,0.691864892,0.998999884,0.418684531,0.876601949
5,0.676112488,0.408846983,0.700312092,0.954019036,0.303323335,0.93924715,0.707730652,0.766937874,-0.873641556,1.025202149,0.419014329,0.961789991,0.743440143,0.699265841,0.865107152,1.027107154,0.774864805,0.916185125,0.897100491,0.935363329,0.790809427,0.962243924,0.591694533,0.897702131,0.643197429,0.753047568,0.895352376,0.831440073,0.848897263,0.973224395
6,0.666577423,0.481260356,0.665168577,1.095246964,0.416126202,0.871087733,0.634967115,0.540926189,-0.737125875,0.937799714,0.42125805,0.928129577,0.939593564,0.819824618,0.92054087,0.750391997,0.917324377,0.857433383,0.814200654,0.888596457,0.763532264,0.919431578,0.625668656,0.84798591,0.402962002,0.568889083,0.490031088,0.884971049,0.637933656,0.831618231
