"Trait","Mean","SD"
"1","Extraversion",2.94901315789474,0.875639645425576
"2","Agreeableness",3.81688596491228,0.705155478506124
"3","Conscientiousness",3.80646929824561,0.785410213122737
"4","Neuroticism",2.67050438596491,1.03099227511977
"5","Openness",3.95888157894737,0.664732065403359
