"Trait","Mean","SD"
"1","Extraversion",2.99069916613214,0.850152739562862
"2","Agreeableness",3.8714988240325,0.690274523212524
"3","Conscientiousness",3.89464400256575,0.800161114356549
"4","Neuroticism",2.70066281804576,1.01557401934779
"5","Openness",3.96921103271328,0.764460238062937
