"Trait","Mean","SD"
"1","Extraversion",3.35788334472545,0.801380019355148
"2","Agreeableness",4.17276144907724,0.640345707804114
"3","Conscientiousness",4.25102529049897,0.71425786634659
"4","Neuroticism",2.08145363408521,0.874697288030237
"5","Openness",4.16921850079745,0.703809571764517
