"Trait","Mean","SD"
"1","Extraversion",3.15356744704571,0.365276371984334
"2","Agreeableness",3.76616499442586,0.335866672363014
"3","Conscientiousness",3.71348940914158,0.438350891716347
"4","Neuroticism",2.70986622073579,0.360493360587115
"5","Openness",3.43115942028985,0.304658573833483
