"Trait","Mean","SD"
"1","Extraversion",3.15138888888889,0.366612082522055
"2","Agreeableness",3.76611111111111,0.335305850867034
"3","Conscientiousness",3.7125,0.437952664373542
"4","Neuroticism",2.71222222222222,0.362196151654057
"5","Openness",3.43083333333333,0.304201121275155
