"Trait","Mean","SD"
"1","Extraversion",3.00361111111111,0.874092892157296
"2","Agreeableness",3.34722222222222,1.08552503906166
"3","Conscientiousness",3.28305555555556,1.00988928233078
"4","Neuroticism",2.80833333333333,0.847825491428961
"5","Openness",3.26138888888889,0.930552532760472
