"Trait","Mean","SD"
"1","Extraversion",2.90460157126824,0.997660250901455
"2","Agreeableness",3.43350168350168,1.28293582591817
"3","Conscientiousness",3.10016835016835,1.15221786789913
"4","Neuroticism",2.74551066217733,1.08891857668351
"5","Openness",3.08726150392817,1.15331138899617
