"Trait","Mean","SD"
"Honesty-Humility",4.10604166666667,0.664545304930301
"Emotionality",3.18479166666667,0.558741585734694
"Extraversion",3.34645833333333,0.707849458063997
"Agreeableness",3.23354166666667,0.609659098583387
"Conscientiousness",3.381875,0.754873467353335
"Openness to Experience",3.20416666666667,0.581116887276402
