"Trait","Mean","SD"
"Honesty-Humility",3.248125,0.284160893249772
"Emotionality",3.01979166666667,0.128550976695057
"Extraversion",3.06395833333333,0.2657761759128
"Agreeableness",2.9925,0.114851401739837
"Conscientiousness",3.10125,0.252772047888962
"Openness to Experience",3.09791666666667,0.1543537386796
