"Trait","Mean","SD"
"Honesty-Humility",3.46895833333333,0.68190943608907
"Emotionality",2.98333333333333,0.66199721671521
"Extraversion",3.00666666666667,0.947711848638104
"Agreeableness",2.96875,0.861480299749325
"Conscientiousness",3.23270833333333,0.827847686314544
"Openness to Experience",3.06645833333333,0.724444385712613
