"Trait","Mean","SD"
"Honesty-Humility",3.51625,1.18120537288955
"Emotionality",2.84541666666667,0.870079832220592
"Extraversion",2.99041666666667,1.06502961382142
"Agreeableness",3.16958333333333,1.00811497976685
"Conscientiousness",2.96041666666667,0.998507369164834
"Openness to Experience",2.89291666666667,1.01418752251493
