"Trait","Mean","SD"
"Honesty-Humility",3.71583333333333,0.623224344974949
"Emotionality",2.93270833333333,0.582739696844268
"Extraversion",2.98208333333333,0.780820087955438
"Agreeableness",3.17333333333333,0.656765769873207
"Conscientiousness",3.09416666666667,0.68311526144834
"Openness to Experience",3.03895833333333,0.746056703237344
